{
    "web": {
        "client_id":"679389340019-6ssobjuq2sqjr2367r3tjrpon442u3bd.apps.googleusercontent.com",
        "project_id":"traileruploader",
        "auth_uri":"https://accounts.google.com/o/oauth2/auth",
        "token_uri":"https://oauth2.googleapis.com/token",
        "auth_provider_x509_cert_url":"https://www.googleapis.com/oauth2/v1/certs",
        "client_secret":"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",
        "redirect_uris":["https://www.mateusribeiro.com/jobs_navigator/callback.php"
        ]
    }
}